{
  "table_of_contents": [
    {
      "title": "Molecular crowding limits translation and cell growth",
      "heading_level": null,
      "page_id": 0,
      "polygon": [
        [
          38.381099700927734,
          49.381825894117355
        ],
        [
          540.0873139500618,
          49.381825894117355
        ],
        [
          540.0873139500618,
          73.2784423828125
        ],
        [
          38.381099700927734,
          73.2784423828125
        ]
      ]
    },
    {
      "title": "Significance",
      "heading_level": null,
      "page_id": 0,
      "polygon": [
        [
          302.7945005893707,
          507.406982421875
        ],
        [
          352.8765563964844,
          507.406982421875
        ],
        [
          352.8765563964844,
          518.421142578125
        ],
        [
          302.7945005893707,
          518.6843610405922
        ]
      ]
    },
    {
      "title": "Methods",
      "heading_level": null,
      "page_id": 5,
      "polygon": [
        [
          42.29982923716307,
          136.18707275390625
        ],
        [
          77.61039845645428,
          136.18707275390625
        ],
        [
          77.61039845645428,
          145.15338134765625
        ],
        [
          42.29982923716307,
          145.15338134765625
        ]
      ]
    }
  ],
  "page_stats": [
    {
      "page_id": 0,
      "text_extraction_method": "pdftext",
      "block_counts": [
        [
          "Span",
          338
        ],
        [
          "Line",
          138
        ],
        [
          "Text",
          15
        ],
        [
          "SectionHeader",
          2
        ],
        [
          "PageFooter",
          2
        ],
        [
          "PageHeader",
          2
        ],
        [
          "Footnote",
          1
        ]
      ],
      "block_metadata": {
        "llm_request_count": 0,
        "llm_error_count": 0,
        "llm_tokens_used": 0
      }
    },
    {
      "page_id": 1,
      "text_extraction_method": "pdftext",
      "block_counts": [
        [
          "Span",
          444
        ],
        [
          "Line",
          107
        ],
        [
          "TextInlineMath",
          4
        ],
        [
          "PageFooter",
          2
        ],
        [
          "Text",
          2
        ],
        [
          "Figure",
          1
        ],
        [
          "Caption",
          1
        ],
        [
          "Equation",
          1
        ],
        [
          "FigureGroup",
          1
        ]
      ],
      "block_metadata": {
        "llm_request_count": 0,
        "llm_error_count": 0,
        "llm_tokens_used": 0
      }
    },
    {
      "page_id": 2,
      "text_extraction_method": "pdftext",
      "block_counts": [
        [
          "Span",
          769
        ],
        [
          "Line",
          126
        ],
        [
          "Text",
          8
        ],
        [
          "TextInlineMath",
          7
        ],
        [
          "Equation",
          6
        ],
        [
          "PageFooter",
          3
        ],
        [
          "PageHeader",
          2
        ],
        [
          "Figure",
          1
        ],
        [
          "Caption",
          1
        ],
        [
          "FigureGroup",
          1
        ]
      ],
      "block_metadata": {
        "llm_request_count": 0,
        "llm_error_count": 0,
        "llm_tokens_used": 0
      }
    },
    {
      "page_id": 3,
      "text_extraction_method": "pdftext",
      "block_counts": [
        [
          "Span",
          570
        ],
        [
          "Line",
          117
        ],
        [
          "TextInlineMath",
          5
        ],
        [
          "Text",
          3
        ],
        [
          "PageFooter",
          2
        ],
        [
          "Equation",
          1
        ],
        [
          "Figure",
          1
        ],
        [
          "Caption",
          1
        ],
        [
          "FigureGroup",
          1
        ]
      ],
      "block_metadata": {
        "llm_request_count": 0,
        "llm_error_count": 0,
        "llm_tokens_used": 0
      }
    },
    {
      "page_id": 4,
      "text_extraction_method": "pdftext",
      "block_counts": [
        [
          "Span",
          417
        ],
        [
          "Line",
          121
        ],
        [
          "Text",
          9
        ],
        [
          "Figure",
          2
        ],
        [
          "Caption",
          2
        ],
        [
          "PageHeader",
          2
        ],
        [
          "PageFooter",
          2
        ],
        [
          "FigureGroup",
          2
        ]
      ],
      "block_metadata": {
        "llm_request_count": 0,
        "llm_error_count": 0,
        "llm_tokens_used": 0
      }
    },
    {
      "page_id": 5,
      "text_extraction_method": "pdftext",
      "block_counts": [
        [
          "Span",
          715
        ],
        [
          "Line",
          154
        ],
        [
          "ListItem",
          44
        ],
        [
          "Text",
          6
        ],
        [
          "PageFooter",
          2
        ],
        [
          "ListGroup",
          2
        ],
        [
          "SectionHeader",
          1
        ]
      ],
      "block_metadata": {
        "llm_request_count": 0,
        "llm_error_count": 0,
        "llm_tokens_used": 0
      }
    }
  ],
  "debug_data_path": "debug_data/klumppMolecularCrowdingLimits2013"
}