{
  "table_of_contents": [
    {
      "title": "ART. LII.-On the Equilibrium of Heterogeneous Substances; \nby J. WILLARD GIBBS.* Abstract by the author.",
      "heading_level": null,
      "page_id": 0,
      "polygon": [
        [
          77.5066751241684,
          78.8280029296875
        ],
        [
          357.4915771484375,
          78.8280029296875
        ],
        [
          357.4915771484375,
          101.43035888671875
        ],
        [
          76.6668313741684,
          101.43035888671875
        ]
      ]
    },
    {
      "title": "444 J. nr: Gibbs-Equilibrium of Heterogeneous Substances.",
      "heading_level": null,
      "page_id": 3,
      "polygon": [
        [
          76.9671893119812,
          44.3878173828125
        ],
        [
          333.7037353515625,
          44.3878173828125
        ],
        [
          333.7037353515625,
          56.3238525390625
        ],
        [
          76.9671893119812,
          56.3238525390625
        ]
      ]
    },
    {
      "title": "ots=t oll+ff 08+~1 om~+ ~2 om~+ etc. (23)",
      "heading_level": null,
      "page_id": 12,
      "polygon": [
        [
          132.08766371011734,
          213.91421508789062
        ],
        [
          357.4926452636719,
          213.91421508789062
        ],
        [
          357.4926452636719,
          226.314208984375
        ],
        [
          131.24781996011734,
          226.314208984375
        ]
      ]
    }
  ],
  "page_stats": [
    {
      "page_id": 0,
      "text_extraction_method": "pdftext",
      "block_counts": [
        [
          "Span",
          125
        ],
        [
          "Line",
          49
        ],
        [
          "Text",
          10
        ],
        [
          "Equation",
          4
        ],
        [
          "PageHeader",
          1
        ],
        [
          "SectionHeader",
          1
        ]
      ],
      "block_metadata": {
        "llm_request_count": 0,
        "llm_error_count": 0,
        "llm_tokens_used": 0
      }
    },
    {
      "page_id": 1,
      "text_extraction_method": "pdftext",
      "block_counts": [
        [
          "Span",
          96
        ],
        [
          "Line",
          47
        ],
        [
          "Text",
          3
        ],
        [
          "TextInlineMath",
          2
        ],
        [
          "PageHeader",
          1
        ],
        [
          "Equation",
          1
        ]
      ],
      "block_metadata": {
        "llm_request_count": 0,
        "llm_error_count": 0,
        "llm_tokens_used": 0
      }
    },
    {
      "page_id": 2,
      "text_extraction_method": "pdftext",
      "block_counts": [
        [
          "Span",
          97
        ],
        [
          "Line",
          47
        ],
        [
          "Text",
          5
        ],
        [
          "PageHeader",
          1
        ]
      ],
      "block_metadata": {
        "llm_request_count": 0,
        "llm_error_count": 0,
        "llm_tokens_used": 0
      }
    },
    {
      "page_id": 3,
      "text_extraction_method": "pdftext",
      "block_counts": [
        [
          "Span",
          218
        ],
        [
          "Line",
          46
        ],
        [
          "Text",
          4
        ],
        [
          "Equation",
          4
        ],
        [
          "TextInlineMath",
          3
        ],
        [
          "SectionHeader",
          1
        ]
      ],
      "block_metadata": {
        "llm_request_count": 0,
        "llm_error_count": 0,
        "llm_tokens_used": 0
      }
    },
    {
      "page_id": 4,
      "text_extraction_method": "pdftext",
      "block_counts": [
        [
          "Span",
          248
        ],
        [
          "Line",
          59
        ],
        [
          "TableCell",
          28
        ],
        [
          "Equation",
          6
        ],
        [
          "Text",
          5
        ],
        [
          "TextInlineMath",
          2
        ],
        [
          "PageHeader",
          1
        ],
        [
          "Table",
          1
        ],
        [
          "Footnote",
          1
        ]
      ],
      "block_metadata": {
        "llm_request_count": 0,
        "llm_error_count": 0,
        "llm_tokens_used": 0
      }
    },
    {
      "page_id": 5,
      "text_extraction_method": "pdftext",
      "block_counts": [
        [
          "Span",
          125
        ],
        [
          "Line",
          46
        ],
        [
          "Text",
          6
        ],
        [
          "TextInlineMath",
          2
        ],
        [
          "PageHeader",
          1
        ],
        [
          "Equation",
          1
        ]
      ],
      "block_metadata": {
        "llm_request_count": 0,
        "llm_error_count": 0,
        "llm_tokens_used": 0
      }
    },
    {
      "page_id": 6,
      "text_extraction_method": "pdftext",
      "block_counts": [
        [
          "Span",
          103
        ],
        [
          "Line",
          47
        ],
        [
          "Text",
          6
        ],
        [
          "PageHeader",
          1
        ],
        [
          "Equation",
          1
        ]
      ],
      "block_metadata": {
        "llm_request_count": 0,
        "llm_error_count": 0,
        "llm_tokens_used": 0
      }
    },
    {
      "page_id": 7,
      "text_extraction_method": "pdftext",
      "block_counts": [
        [
          "Span",
          130
        ],
        [
          "Line",
          45
        ],
        [
          "Text",
          6
        ],
        [
          "Equation",
          2
        ],
        [
          "PageHeader",
          1
        ],
        [
          "TextInlineMath",
          1
        ]
      ],
      "block_metadata": {
        "llm_request_count": 0,
        "llm_error_count": 0,
        "llm_tokens_used": 0
      }
    },
    {
      "page_id": 8,
      "text_extraction_method": "pdftext",
      "block_counts": [
        [
          "Span",
          146
        ],
        [
          "Line",
          45
        ],
        [
          "Text",
          5
        ],
        [
          "Equation",
          4
        ],
        [
          "PageHeader",
          1
        ],
        [
          "TextInlineMath",
          1
        ]
      ],
      "block_metadata": {
        "llm_request_count": 0,
        "llm_error_count": 0,
        "llm_tokens_used": 0
      }
    },
    {
      "page_id": 9,
      "text_extraction_method": "pdftext",
      "block_counts": [
        [
          "Span",
          135
        ],
        [
          "Line",
          45
        ],
        [
          "Text",
          5
        ],
        [
          "Equation",
          3
        ],
        [
          "PageHeader",
          1
        ],
        [
          "TextInlineMath",
          1
        ]
      ],
      "block_metadata": {
        "llm_request_count": 0,
        "llm_error_count": 0,
        "llm_tokens_used": 0
      }
    },
    {
      "page_id": 10,
      "text_extraction_method": "pdftext",
      "block_counts": [
        [
          "Span",
          106
        ],
        [
          "Line",
          48
        ],
        [
          "Text",
          5
        ],
        [
          "PageHeader",
          1
        ]
      ],
      "block_metadata": {
        "llm_request_count": 0,
        "llm_error_count": 0,
        "llm_tokens_used": 0
      }
    },
    {
      "page_id": 11,
      "text_extraction_method": "pdftext",
      "block_counts": [
        [
          "Span",
          112
        ],
        [
          "Line",
          46
        ],
        [
          "Text",
          4
        ],
        [
          "PageHeader",
          1
        ],
        [
          "Equation",
          1
        ]
      ],
      "block_metadata": {
        "llm_request_count": 0,