{
  "table_of_contents": [
    {
      "title": "Regulatory onoff minimization of metabolic flux\nchanges after genetic perturbations",
      "heading_level": null,
      "page_id": 0,
      "polygon": [
        [
          42.67609786987305,
          32.68676054477692
        ],
        [
          509.23767721652985,
          32.68676054477692
        ],
        [
          509.23767721652985,
          96.43769055604935
        ],
        [
          42.67609786987305,
          96.43769055604935
        ]
      ]
    },
    {
      "title": "Methods",
      "heading_level": null,
      "page_id": 2,
      "polygon": [
        [
          42.37541247904301,
          239.79468807578087
        ],
        [
          77.40660890936852,
          239.79468807578087
        ],
        [
          77.40660890936852,
          248.90228271484375
        ],
        [
          42.37541247904301,
          248.90228271484375
        ]
      ]
    },
    {
      "title": "Results and Discussion",
      "heading_level": null,
      "page_id": 3,
      "polygon": [
        [
          42.67609786987305,
          499.8619384765625
        ],
        [
          131.09662064909935,
          499.04996824264526
        ],
        [
          131.09662064909935,
          508.8619384765625
        ],
        [
          42.67609786987305,
          509.9155926704407
        ]
      ]
    },
    {
      "title": "Conclusion",
      "heading_level": null,
      "page_id": 5,
      "polygon": [
        [
          304.69782507419586,
          77.646484375
        ],
        [
          346.9337158203125,
          77.646484375
        ],
        [
          346.9337158203125,
          86.646484375
        ],
        [
          304.69782507419586,
          87.939459040761
        ]
      ]
    }
  ],
  "page_stats": [
    {
      "page_id": 0,
      "text_extraction_method": "pdftext",
      "block_counts": [
        [
          "Span",
          275
        ],
        [
          "Line",
          122
        ],
        [
          "Text",
          10
        ],
        [
          "Footnote",
          5
        ],
        [
          "PageFooter",
          2
        ],
        [
          "SectionHeader",
          1
        ],
        [
          "PageHeader",
          1
        ],
        [
          "Picture",
          1
        ]
      ],
      "block_metadata": {
        "llm_request_count": 0,
        "llm_error_count": 0,
        "llm_tokens_used": 0
      }
    },
    {
      "page_id": 1,
      "text_extraction_method": "pdftext",
      "block_counts": [
        [
          "Span",
          239
        ],
        [
          "Line",
          101
        ],
        [
          "Text",
          10
        ],
        [
          "PageFooter",
          2
        ],
        [
          "Figure",
          1
        ],
        [
          "Caption",
          1
        ],
        [
          "PageHeader",
          1
        ],
        [
          "FigureGroup",
          1
        ]
      ],
      "block_metadata": {
        "llm_request_count": 0,
        "llm_error_count": 0,
        "llm_tokens_used": 0
      }
    },
    {
      "page_id": 2,
      "text_extraction_method": "pdftext",
      "block_counts": [
        [
          "Span",
          645
        ],
        [
          "Line",
          168
        ],
        [
          "TableCell",
          80
        ],
        [
          "Text",
          10
        ],
        [
          "Equation",
          4
        ],
        [
          "PageHeader",
          3
        ],
        [
          "TextInlineMath",
          3
        ],
        [
          "PageFooter",
          2
        ],
        [
          "Table",
          1
        ],
        [
          "SectionHeader",
          1
        ]
      ],
      "block_metadata": {
        "llm_request_count": 0,
        "llm_error_count": 0,
        "llm_tokens_used": 0
      }
    },
    {
      "page_id": 3,
      "text_extraction_method": "pdftext",
      "block_counts": [
        [
          "Span",
          285
        ],
        [
          "Line",
          103
        ],
        [
          "Text",
          6
        ],
        [
          "PageFooter",
          2
        ],
        [
          "Figure",
          1
        ],
        [
          "Caption",
          1
        ],
        [
          "SectionHeader",
          1
        ],
        [
          "PageHeader",
          1
        ],
        [
          "FigureGroup",
          1
        ]
      ],
      "block_metadata": {
        "llm_request_count": 0,
        "llm_error_count": 0,
        "llm_tokens_used": 0
      }
    },
    {
      "page_id": 4,
      "text_extraction_method": "pdftext",
      "block_counts": [
        [
          "Span",
          195
        ],
        [
          "Line",
          74
        ],
        [
          "TableCell",
          40
        ],
        [
          "Figure",
          5
        ],
        [
          "Text",
          4
        ],
        [
          "Caption",
          2
        ],
        [
          "Table",
          1
        ],
        [
          "PageHeader",
          1
        ],
        [
          "PageFooter",
          1
        ],
        [
          "FigureGroup",
          1
        ],
        [
          "TableGroup",
          1
        ]
      ],
      "block_metadata": {
        "llm_request_count": 0,
        "llm_error_count": 0,
        "llm_tokens_used": 0
      }
    },
    {
      "page_id": 5,
      "text_extraction_method": "pdftext",
      "block_counts": [
        [
          "Span",
          424
        ],
        [
          "Line",
          106
        ],
        [
          "ListItem",
          36
        ],
        [
          "Text",
          6
        ],
        [
          "PageFooter",
          2
        ],
        [
          "ListGroup",
          2
        ],
        [
          "SectionHeader",
          1
        ],
        [
          "PageHeader",
          1
        ]
      ],
      "block_metadata": {
        "llm_request_count": 0,
        "llm_error_count": 0,
        "llm_tokens_used": 0
      }
    }
  ],
  "debug_data_path": "debug_data/shlomiRegulatoryMinimizationMetabolic2005"
}