{
  "table_of_contents": [
    {
      "title": "Metabolic gene\u2013deletion strains\nof Escherichia coli evolve to\ncomputationally predicted\ngrowth phenotypes",
      "heading_level": null,
      "page_id": 0,
      "polygon": [
        [
          41.83939743041992,
          157.26274587213993
        ],
        [
          273.0596008300781,
          155.73344899713993
        ],
        [
          273.0596008300781,
          238.4347115457058
        ],
        [
          41.83939743041992,
          239.9640084207058
        ]
      ]
    },
    {
      "title": "ACKNOWLEDGMENTS",
      "heading_level": null,
      "page_id": 2,
      "polygon": [
        [
          300.0049774646759,
          63.93560492992401
        ],
        [
          379.2728798389435,
          63.93560492992401
        ],
        [
          379.2728798389435,
          72.52086514234543
        ],
        [
          300.0049774646759,
          72.52086514234543
        ]
      ]
    },
    {
      "title": "COMPETING INTERESTS STATEMENT",
      "heading_level": null,
      "page_id": 2,
      "polygon": [
        [
          299.9585967063904,
          108.51505453884602
        ],
        [
          428.7013142108917,
          108.51505453884602
        ],
        [
          428.7013142108917,
          117.221923828125
        ],
        [
          299.9585967063904,
          117.221923828125
        ]
      ]
    }
  ],
  "page_stats": [
    {
      "page_id": 0,
      "text_extraction_method": "pdftext",
      "block_counts": [
        [
          "Span",
          482
        ],
        [
          "Line",
          177
        ],
        [
          "Text",
          4
        ],
        [
          "PageHeader",
          2
        ],
        [
          "PageFooter",
          2
        ],
        [
          "Picture",
          1
        ],
        [
          "SectionHeader",
          1
        ],
        [
          "TextInlineMath",
          1
        ],
        [
          "Figure",
          1
        ],
        [
          "Caption",
          1
        ],
        [
          "Footnote",
          1
        ],
        [
          "FigureGroup",
          1
        ]
      ],
      "block_metadata": {
        "llm_request_count": 0,
        "llm_error_count": 0,
        "llm_tokens_used": 0
      }
    },
    {
      "page_id": 1,
      "text_extraction_method": "pdftext",
      "block_counts": [
        [
          "Span",
          515
        ],
        [
          "Line",
          149
        ],
        [
          "Text",
          9
        ],
        [
          "PageHeader",
          2
        ],
        [
          "PageFooter",
          2
        ],
        [
          "Figure",
          1
        ]
      ],
      "block_metadata": {
        "llm_request_count": 0,
        "llm_error_count": 0,
        "llm_tokens_used": 0
      }
    },
    {
      "page_id": 2,
      "text_extraction_method": "pdftext",
      "block_counts": [
        [
          "Span",
          180
        ],
        [
          "Line",
          51
        ],
        [
          "ListItem",
          12
        ],
        [
          "Text",
          7
        ],
        [
          "PageHeader",
          2
        ],
        [
          "SectionHeader",
          2
        ],
        [
          "PageFooter",
          2
        ],
        [
          "Picture",
          1
        ],
        [
          "ListGroup",
          1
        ]
      ],
      "block_metadata": {
        "llm_request_count": 0,
        "llm_error_count": 0,
        "llm_tokens_used": 0
      }
    }
  ],
  "debug_data_path": "debug_data/fongMetabolicGeneDeletion2004"
}