{
  "table_of_contents": [
    {
      "title": "Escherichia coli Physiology in Luria-Bertani Broth",
      "heading_level": null,
      "page_id": 0,
      "polygon": [
        [
          114.18216481804848,
          89.03656005859375
        ],
        [
          468.6737976074219,
          89.03656005859375
        ],
        [
          468.6737976074219,
          108.54547119140625
        ],
        [
          114.18216481804848,
          108.54547119140625
        ]
      ]
    },
    {
      "title": "REFERENCES",
      "heading_level": null,
      "page_id": 3,
      "polygon": [
        [
          138.77176724374294,
          191.25025816261768
        ],
        [
          188.23737502098083,
          191.25025816261768
        ],
        [
          188.23737502098083,
          199.015869140625
        ],
        [
          138.77176724374294,
          199.015869140625
        ]
      ]
    }
  ],
  "page_stats": [
    {
      "page_id": 0,
      "text_extraction_method": "pdftext",
      "block_counts": [
        [
          "Span",
          269
        ],
        [
          "Line",
          101
        ],
        [
          "Text",
          11
        ],
        [
          "TextInlineMath",
          3
        ],
        [
          "PageHeader",
          2
        ],
        [
          "SectionHeader",
          1
        ],
        [
          "Footnote",
          1
        ],
        [
          "PageFooter",
          1
        ]
      ],
      "block_metadata": {
        "llm_request_count": 0,
        "llm_error_count": 0,
        "llm_tokens_used": 0
      }
    },
    {
      "page_id": 1,
      "text_extraction_method": "pdftext",
      "block_counts": [
        [
          "Span",
          266
        ],
        [
          "Line",
          81
        ],
        [
          "TextInlineMath",
          4
        ],
        [
          "Text",
          4
        ],
        [
          "PageHeader",
          2
        ],
        [
          "Figure",
          2
        ],
        [
          "Caption",
          2
        ],
        [
          "FigureGroup",
          2
        ]
      ],
      "block_metadata": {
        "llm_request_count": 0,
        "llm_error_count": 0,
        "llm_tokens_used": 0
      }
    },
    {
      "page_id": 2,
      "text_extraction_method": "pdftext",
      "block_counts": [
        [
          "Span",
          480
        ],
        [
          "TableCell",
          105
        ],
        [
          "Line",
          98
        ],
        [
          "Text",
          13
        ],
        [
          "PageHeader",
          2
        ],
        [
          "Caption",
          2
        ],
        [
          "Table",
          1
        ],
        [
          "TextInlineMath",
          1
        ],
        [
          "Figure",
          1
        ],
        [
          "TableGroup",
          1
        ],
        [
          "FigureGroup",
          1
        ]
      ],
      "block_metadata": {
        "llm_request_count": 0,
        "llm_error_count": 0,
        "llm_tokens_used": 0
      }
    },
    {
      "page_id": 3,
      "text_extraction_method": "pdftext",
      "block_counts": [
        [
          "Span",
          251
        ],
        [
          "Line",
          59
        ],
        [
          "ListItem",
          13
        ],
        [
          "Text",
          3
        ],
        [
          "PageHeader",
          2
        ],
        [
          "ListGroup",
          2
        ],
        [
          "SectionHeader",
          1
        ]
      ],
      "block_metadata": {
        "llm_request_count": 0,
        "llm_error_count": 0,
        "llm_tokens_used": 0
      }
    }
  ],
  "debug_data_path": "debug_data/sezonovEscherichiaColiPhysiology2007"
}